{
  "Aquitaine": {
    "x": -3.1313834190368652,
    "y": 0.0,
    "z": 1.4376513957977295
  },
  "Brittany": {
    "x": -6.8538665771484375,
    "y": 0.0,
    "z": -1.481078028678894
  },
  "Burgundy": {
    "x": 1.4582757949829102,
    "y": 0.0,
    "z": 1.2717077732086182
  },
  "Lorraine": {
    "x": 1.9659128189086914,
    "y": 0.0,
    "z": -3.3263556957244873
  },
  "Normandy": {
    "x": -3.870678186416626,
    "y": 0.0,
    "z": -3.3040456771850586
  },
  "Paris": {
    "x": -0.762089729309082,
    "y": 0.0,
    "z": -1.9680246114730835
  },
  "The Low Countries": {
    "x": 0.37365835905075073,
    "y": 0.0,
    "z": -6.740406036376953
  },
  "Toulouse": {
    "x": 0.02104157954454422,
    "y": 0.0,
    "z": 4.06172513961792
  }
}